kind,key,matches,wins,win_rate
ability,invoker_forge_spirit_ad,1290,837,0.648837
ability,earthshaker_aftershock,4455,2615,0.586981
ability,abaddon_borrowed_time,4798,2780,0.579408
hero,nevermore,4392,2531,0.576275
ability,skeleton_king_reincarnation,4609,2656,0.576264
ability,winter_wyvern_arctic_burn,4437,2544,0.573360
ability,spectre_dispersion,4571,2612,0.571429
hero,luna,4224,2408,0.570076
hero,medusa,4326,2465,0.569810
ability,weaver_shukuchi,4489,2556,0.569392
hero,night_stalker,4416,2505,0.567255
hero,leshrac,4458,2523,0.565949
ability,life_stealer_feast,4478,2531,0.565208
hero,drow_ranger,4527,2538,0.560636
ability,slark_shadow_dance,4766,2658,0.557700
ability,ancient_apparition_ice_blast,4531,2524,0.557051
hero,lina,4410,2456,0.556916
hero,morphling,4355,2418,0.555224
ability,tidehunter_kraken_shell,4566,2535,0.555191
hero,death_prophet,4569,2536,0.555045
ability,tiny_avalanche,4507,2500,0.554693
hero,tusk,3830,2123,0.554308
ability,nyx_assassin_spiked_carapace,4664,2576,0.552316
hero,primal_beast,4027,2224,0.552272
ability,enigma_midnight_pulse,2769,1529,0.552185
ability,naga_siren_mirror_image,4375,2413,0.551543
ability,shadow_demon_disruption,4313,2377,0.551125
ability,dark_willow_shadow_realm,4479,2466,0.550569
ability,lion_impale,4558,2509,0.550461
ability,magnataur_empower,4555,2505,0.549945
ability,bounty_hunter_wind_walk,4504,2475,0.549512
ability,lich_chain_frost,4522,2483,0.549093
hero,razor,4346,2386,0.549011
ability,bloodseeker_thirst,4523,2483,0.548972
hero,dragon_knight,4238,2326,0.548844
hero,earth_spirit,3476,1907,0.548619
ability,crystal_maiden_freezing_field,4424,2427,0.548599
ability,viper_corrosive_skin,4503,2464,0.547191
ability,marci_bodyguard,4490,2453,0.546325
ability,luna_moon_glaive,4514,2464,0.545857
ability,necrolyte_heartstopper_aura,4591,2504,0.545415
ability,witch_doctor_voodoo_restoration,2058,1122,0.545190
ability,elder_titan_natural_order,4360,2370,0.543578
ability,alchemist_chemical_rage,4815,2609,0.541848
ability,abyssal_underlord_firestorm,4488,2429,0.541221
ability,queenofpain_blink,4573,2473,0.540783
ability,treant_leech_seed,4588,2472,0.538797
ability,oracle_fortunes_end,4293,2313,0.538784
ability,abyssal_underlord_pit_of_malice,4482,2410,0.537706
hero,gyrocopter,4313,2318,0.537445
ability,juggernaut_blade_fury,4573,2457,0.537284
ability,nevermore_dark_lord,4408,2366,0.536751
ability,undying_flesh_golem,4649,2495,0.536675
ability,wisp_tether,3214,1724,0.536403
ability,primal_beast_uproar,4494,2407,0.535603
ability,techies_reactive_tazer,3699,1981,0.535550
ability,chaos_knight_phantasm,4181,2239,0.535518
ability,sniper_shrapnel,4415,2361,0.534768
ability,sandking_sand_storm,4322,2310,0.534475
ability,treant_overgrowth,4741,2532,0.534065
ability,sven_storm_bolt,4704,2511,0.533801
hero,wisp,3820,2039,0.533770
ability,kunkka_ghostship,3941,2103,0.533621
ability,crystal_maiden_frostbite,4637,2474,0.533535
ability,spirit_breaker_charge_of_darkness,4683,2497,0.533205
hero,snapfire,4347,2317,0.533011
ability,axe_berserkers_call,4570,2435,0.532823
hero,largo,3749,1997,0.532675
hero,hoodwink,4365,2324,0.532417
hero,rubick,4294,2285,0.532138
ability,zuus_lightning_bolt,4501,2395,0.532104
hero,centaur,4304,2290,0.532063
ability,nevermore_requiem,2141,1139,0.531994
ability,axe_counter_helix,4634,2464,0.531722
ability,dragon_knight_dragon_tail,4365,2317,0.530813
ability,shadow_shaman_shackles,4509,2392,0.530495
ability,invoker_cold_snap_ad,1282,680,0.530421
ability,disruptor_thunder_strike,3785,2007,0.530251
ability,tidehunter_anchor_smash,4615,2447,0.530228
hero,mars,3806,2018,0.530215
ability,dark_willow_bramble_maze,4295,2277,0.530151
ability,grimstroke_ink_creature,4516,2394,0.530115
ability,vengefulspirit_command_aura,4564,2419,0.530018
ability,muerta_pierce_the_veil,4638,2458,0.529970
ability,earth_spirit_magnetize,1408,746,0.529830
ability,undying_tombstone,4538,2404,0.529749
hero,shadow_shaman,3606,1908,0.529118
ability,faceless_void_time_walk,4644,2457,0.529070
ability,night_stalker_crippling_fear,4066,2151,0.529021
ability,tusk_snowball,4445,2350,0.528684
ability,grimstroke_soul_chain,4175,2207,0.528623
ability,shredder_reactive_armor,4566,2412,0.528252
hero,batrider,4251,2245,0.528111
hero,bloodseeker,3866,2041,0.527936
hero,sven,3640,1920,0.527473
ability,abyssal_underlord_atrophy_aura,4504,2375,0.527309
hero,terrorblade,3941,2077,0.527024
ability,lich_sinister_gaze,4122,2172,0.526929
ability,omniknight_martyr,4158,2190,0.526696
ability,phantom_lancer_doppelwalk,4458,2348,0.526694
ability,leshrac_pulse_nova,4318,2274,0.526633
ability,warlock_rain_of_chaos,4499,2368,0.526339
ability,bane_fiends_grip,4714,2481,0.526305
ability,void_spirit_astral_step,4690,2468,0.526226
ability,riki_backstab,4630,2436,0.526134
ability,templar_assassin_refraction,4606,2423,0.526053
ability,lycan_feral_impulse,4654,2447,0.525784
ability,death_prophet_spirit_siphon,4641,2440,0.525749
hero,skeleton_king,3711,1950,0.525465
ability,jakiro_ice_path,4205,2208,0.525089
ability,spectre_haunt,4231,2220,0.524699
ability,luna_lunar_orbit,4019,2106,0.524011
ability,phantom_assassin_immaterial,4399,2304,0.523755
ability,silencer_glaives_of_wisdom,4472,2340,0.523256
ability,windrunner_windrun,4555,2383,0.523161
ability,pudge_rot,4530,2367,0.522517
hero,warlock,3883,2028,0.522277
ability,monkey_king_wukongs_command,4737,2474,0.522271
hero,omniknight,4000,2088,0.522000
ability,naga_siren_rip_tide,3142,1640,0.521961
ability,bristleback_bristleback,4282,2234,0.521719
ability,riki_smoke_screen,3961,2065,0.521333
ability,legion_commander_press_the_attack,4110,2142,0.521168
ability,spectre_spectral_dagger,3781,1970,0.521026
ability,tidehunter_ravage,4643,2419,0.520999
hero,treant,4292,2236,0.520969
hero,slardar,3058,1592,0.520602
ability,vengefulspirit_magic_missile,4553,2370,0.520536
ability,gyrocopter_flak_cannon,4490,2337,0.520490
ability,omniknight_purification,3816,1986,0.520440
ability,huskar_berserkers_blood,4533,2359,0.520406
ability,juggernaut_healing_ward,1655,861,0.520242
ability,life_stealer_rage,4485,2333,0.520178
ability,enchantress_natures_attendants,3425,1781,0.520000
ability,dragon_knight_elder_dragon_form,4755,2472,0.519874
ability,mirana_arrow,4429,2302,0.519756
hero,pugna,4453,2314,0.519650
ability,enigma_black_hole,4558,2368,0.519526
ability,abaddon_aphotic_shield,4314,2241,0.519471
ability,lone_druid_true_form,4046,2101,0.519278
hero,earthshaker,3914,2031,0.518906
ability,lycan_shapeshift,4533,2352,0.518862
ability,doom_bringer_infernal_blade,4666,2421,0.518860
hero,abyssal_underlord,2840,1473,0.518662
ability,troll_warlord_whirling_axes_melee,3599,1866,0.518477
ability,razor_plasma_field,4296,2227,0.518389
ability,kunkka_torrent,3576,1853,0.518177
ability,clinkz_wind_walk,4786,2479,0.517969
ability,void_spirit_aether_remnant,3514,1820,0.517928
ability,batrider_firefly,3665,1898,0.517872
ability,legion_commander_overwhelming_odds,4424,2291,0.517857
ability,undying_decay,4544,2353,0.517826
ability,dawnbreaker_solar_guardian,4404,2280,0.517711
ability,antimage_blink,4601,2381,0.517496
ability,storm_spirit_ball_lightning,4389,2271,0.517430
ability,witch_doctor_paralyzing_cask,4543,2350,0.517279
hero,arc_warden,4297,2222,0.517105
ability,marci_unleash,4690,2425,0.517058
ability,arc_warden_flux,3920,2025,0.516582
ability,snapfire_mortimer_kisses,4054,2093,0.516280
ability,bloodseeker_blood_bath,3687,1903,0.516138
ability,lycan_howl,2924,1509,0.516074
ability,grimstroke_spirit_walk,3920,2022,0.515816
ability,techies_land_mines,4429,2284,0.515692
hero,obsidian_destroyer,4499,2320,0.515670
ability,centaur_hoof_stomp,4443,2291,0.515643
hero,monkey_king,4044,2085,0.515579
ability,rubick_telekinesis,2163,1115,0.515488
hero,ogre_magi,4432,2284,0.515343
ability,chaos_knight_chaos_bolt,4657,2399,0.515139
ability,dark_seer_wall_of_replica,4549,2343,0.515058
ability,slark_dark_pact,3849,1982,0.514939
ability,rattletrap_battery_assault,4185,2155,0.514934
ability,slardar_slithereen_crush,4445,2288,0.514736
ability,beastmaster_wild_axes,4653,2395,0.514722
ability,shredder_chakram,2918,1501,0.514393
hero,vengefulspirit,4388,2257,0.514357
ability,ancient_apparition_ice_vortex,2474,1272,0.514147
hero,shadow_demon,3937,2024,0.514097
ability,dazzle_shadow_wave,4219,2168,0.513866
ability,winter_wyvern_cold_embrace,3465,1780,0.513709
ability,sandking_burrowstrike,4493,2308,0.513688
ability,lina_light_strike_array,4097,2104,0.513546
ability,bane_enfeeble,3607,1851,0.513169
hero,naga_siren,3195,1639,0.512989
ability,largo_catchy_lick,4252,2181,0.512935
hero,kunkka,3964,2033,0.512866
hero,chaos_knight,3410,1748,0.512610
ability,night_stalker_darkness,4413,2262,0.512576
ability,dark_willow_terrorize,3399,1741,0.512209
ability,mirana_invis,3036,1555,0.512187
ability,earth_spirit_rolling_boulder,4031,2064,0.512032
ability,ursa_fury_swipes,4514,2311,0.511963
ability,broodmother_spin_web,4450,2278,0.511910
ability,earthshaker_fissure,4050,2073,0.511852
ability,primal_beast_pulverize,3792,1940,0.511603
ability,bane_brain_sap,4490,2297,0.511581
ability,warlock_shadow_word,2266,1158,0.511033
ability,largo_frogstomp,4090,2090,0.511002
ability,magnataur_reverse_polarity,4483,2289,0.510596
ability,pugna_nether_ward,3742,1910,0.510422
ability,mars_arena_of_blood,4212,2149,0.510209
ability,vengefulspirit_wave_of_terror,3209,1637,0.510128
hero,grimstroke,3612,1842,0.509967
hero,bane,4279,2182,0.509932
ability,nyx_assassin_impale,4689,2391,0.509917
ability,monkey_king_boundless_strike,4575,2332,0.509727
ability,gyrocopter_homing_missile,4398,2241,0.509550
ability,shadow_shaman_voodoo,4452,2268,0.509434
ability,lich_frost_shield,3467,1765,0.509086
ability,terrorblade_metamorphosis,4637,2359,0.508734
hero,silencer,4388,2232,0.508660
ability,ancient_apparition_cold_feet,3797,1931,0.508559
ability,spirit_breaker_bulldoze,3520,1789,0.508239
ability,puck_phase_shift,4435,2254,0.508230
ability,antimage_counterspell,4329,2200,0.508201
ability,ursa_enrage,4507,2289,0.507877
ability,brewmaster_drunken_brawler,4620,2346,0.507792
ability,mirana_leap,4579,2325,0.507753
ability,weaver_the_swarm,4152,2107,0.507466
ability,zuus_thundergods_wrath,4424,2244,0.507233
ability,centaur_return,4499,2282,0.507224
ability,sven_great_cleave,4701,2384,0.507126
ability,mars_bulwark,4293,2177,0.507105
ability,morphling_waveform,4493,2278,0.507011
ability,gyrocopter_rocket_barrage,4250,2153,0.506588
ability,muerta_the_calling,3360,1702,0.506548
ability,omniknight_hammer_of_purity,4586,2323,0.506542
ability,slardar_sprint,3704,1875,0.506210
ability,enigma_malefice,4115,2083,0.506197
hero,lycan,2608,1320,0.506135
ability,skywrath_mage_ancient_seal,3879,1962,0.505800
ability,ringmaster_wheel,3239,1638,0.505712
ability,skeleton_king_hellfire_blast,4529,2288,0.505189
ability,sven_warcry,3086,1559,0.505185
ability,winter_wyvern_winters_curse,4423,2234,0.505087
ability,viper_poison_attack,4522,2284,0.505086
ability,oracle_false_promise,3557,1796,0.504920
ability,skywrath_mage_concussive_shot,4411,2227,0.504874
hero,visage,3859,1948,0.504794
ability,sniper_take_aim,4548,2295,0.504617
ability,kunkka_tidebringer,4483,2261,0.504350
ability,lich_frost_nova,2826,1425,0.504246
ability,zuus_heavenly_jump,4040,2037,0.504208
ability,slardar_bash,4532,2285,0.504192
ability,templar_assassin_psi_blades,4608,2323,0.504123
hero,pudge,4447,2241,0.503935
ability,jakiro_liquid_fire,2296,1157,0.503920
ability,legion_commander_duel,4774,2405,0.503770
hero,dark_seer,3592,1809,0.503619
ability,shredder_whirling_death,4444,2238,0.503600
ability,chaos_knight_chaos_strike,4658,2344,0.503220
ability,lion_voodoo,4450,2239,0.503146
ability,troll_warlord_battle_trance,4487,2257,0.503009
ability,bloodseeker_rupture,4529,2278,0.502981
ability,venomancer_plague_ward,3377,1698,0.502813
ability,wisp_spirits,4266,2145,0.502813
hero,undying,3620,1820,0.502762
ability,mars_spear,4496,2260,0.502669
ability,dragon_knight_wyrms_wrath,4334,2178,0.502538
ability,silencer_curse_of_the_silent,3917,1968,0.502425
ability,dazzle_shallow_grave,3398,1707,0.502354
hero,furion,4584,2301,0.501963
ability,snapfire_firesnap_cookie,3806,1910,0.501839
hero,legion_commander,3888,1951,0.501800
hero,dark_willow,3946,1980,0.501774
ability,centaur_stampede,3417,1713,0.501317
hero,juggernaut,4275,2143,0.501287
ability,centaur_double_edge,3704,1856,0.501080
ability,keeper_of_the_light_blinding_light,948,475,0.501055
hero,sniper,4455,2232,0.501010
ability,magnataur_skewer,4467,2238,0.501007
ability,terrorblade_conjure_image,3847,1927,0.500910
ability,dawnbreaker_fire_wreath,4463,2235,0.500784
ability,broodmother_incapacitating_bite,4472,2239,0.500671
ability,keeper_of_the_light_chakra_magic,4648,2327,0.500645
ability,broodmother_insatiable_hunger,4495,2250,0.500556
ability,mars_gods_rebuke,4499,2252,0.500556
hero,techies,4324,2164,0.500463
ability,shadow_shaman_mass_serpent_ward,4211,2107,0.500356
ability,shadow_demon_demonic_purge,4219,2111,0.500356
ability,phantom_assassin_phantom_strike,4495,2249,0.500334
ability,venomancer_noxious_plague,4505,2252,0.499889
ability,furion_sprout,4489,2244,0.499889
hero,elder_titan,2809,1404,0.499822
ability,doom_bringer_scorched_earth,4204,2101,0.499762
ability,pudge_meat_hook,4573,2285,0.499672
ability,ringmaster_impalement,2942,1470,0.499660
ability,visage_soul_assumption,4422,2209,0.499548
ability,disruptor_static_storm,3922,1959,0.499490
ability,beastmaster_primal_roar,4801,2398,0.499479
ability,phoenix_supernova,4143,2069,0.499397
ability,furion_wrath_of_nature,4702,2348,0.499362
ability,nevermore_frenzy,3463,1729,0.499278
ability,enchantress_untouchable,4630,2311,0.499136
ability,death_prophet_carrion_swarm,3967,1980,0.499118
ability,necrolyte_ghost_shroud,2685,1340,0.499069
ability,brewmaster_primal_split,3399,1695,0.498676
ability,doom_bringer_doom,4786,2386,0.498537
ability,chen_hand_of_god,1653,824,0.498488
ability,largo_croak_of_genius,2255,1124,0.498448
ability,dawnbreaker_luminosity,4553,2269,0.498353
ability,phantom_lancer_juxtapose,4674,2329,0.498288
ability,leshrac_split_earth,4426,2205,0.498192
ability,silencer_global_silence,3996,1989,0.497748
ability,terrorblade_reflection,4503,2241,0.497668
hero,axe,3676,1829,0.497552
ability,void_spirit_resonant_pulse,4235,2107,0.497521
ability,hoodwink_scurry,3588,1785,0.497492
ability,pudge_dismember,3637,1809,0.497388
ability,treant_natures_grasp,2805,1395,0.497326
ability,razor_storm_surge,3972,1975,0.497231
ability,arc_warden_magnetic_field,3569,1774,0.497058
ability,weaver_time_lapse,3844,1910,0.496878
ability,visage_gravekeepers_cloak,4115,2044,0.496719
ability,invoker_ice_wall_ad,683,339,0.496340
ability,pangolier_lucky_shot,4470,2216,0.495749
ability,dragon_knight_breathe_fire,3044,1509,0.495729
hero,lich,3506,1738,0.495722
ability,dark_seer_ion_shell,4539,2250,0.495704
ability,lina_fiery_soul,4472,2216,0.495528
ability,viper_viper_strike,4583,2271,0.495527
ability,disruptor_glimpse,4442,2201,0.495498
ability,mirana_starfall,3779,1872,0.495369
ability,rubick_fade_bolt,3505,1736,0.495292
ability,muerta_dead_shot,4011,1985,0.494889
hero,skywrath_mage,4139,2047,0.494564
ability,crystal_maiden_crystal_nova,3464,1713,0.494515
ability,elder_titan_ancestral_spirit,3553,1757,0.494512
ability,dark_seer_vacuum,3723,1841,0.494494
ability,furion_teleportation,4670,2309,0.494433
hero,enchantress,3754,1856,0.494406
ability,kez_grappling_claw,2029,1003,0.494332
ability,hoodwink_bushwhack,4133,2043,0.494314
ability,jakiro_liquid_ice,2193,1084,0.494300
ability,faceless_void_chronosphere,4534,2241,0.494266
ability,drow_ranger_frost_arrows,4615,2281,0.494258
hero,dawnbreaker,3414,1687,0.494142
hero,magnataur,3835,1895,0.494133
ability,omniknight_guardian_angel,3143,1553,0.494114
hero,queenofpain,4419,2183,0.494003
ability,night_stalker_void,3488,1723,0.493979
hero,marci,3063,1513,0.493960
ability,ringmaster_the_box,3225,1593,0.493953
ability,rattletrap_power_cogs,3530,1743,0.493768
hero,spirit_breaker,2650,1308,0.493585
ability,slardar_amplify_damage,4392,2167,0.493397
hero,void_spirit,4151,2048,0.493375
ability,tidehunter_gush,4565,2252,0.493319
ability,naga_siren_ensnare,4306,2124,0.493265
hero,brewmaster,3810,1879,0.493176
hero,phantom_lancer,2342,1155,0.493168
ability,ember_spirit_searing_chains,4007,1976,0.493137
ability,vengefulspirit_nether_swap,3685,1817,0.493080
hero,windrunner,4449,2193,0.492920
ability,storm_spirit_electric_vortex,4101,2021,0.492807
hero,rattletrap,3909,1926,0.492709
ability,sven_gods_strength,4806,2367,0.492509
ability,earthshaker_echo_slam,2603,1282,0.492509
ability,kez_kazurai_katana,2258,1112,0.492471
ability,primal_beast_trample,3883,1911,0.492145
ability,ogre_magi_fireblast,4357,2144,0.492082
ability,pangolier_shield_crash,3912,1925,0.492076
ability,faceless_void_time_dilation,2612,1285,0.491960
ability,void_spirit_dissimilate,3899,1918,0.491921
ability,phoenix_icarus_dive,4389,2159,0.491912
ability,shadow_demon_disseminate,2039,1003,0.491908
ability,tusk_ice_shards,3672,1806,0.491830
ability,ogre_magi_bloodlust,4531,2227,0.491503
ability,dawnbreaker_celestial_hammer,3714,1824,0.491115
ability,witch_doctor_maledict,4584,2250,0.490838
ability,obsidian_destroyer_arcane_orb,3757,1843,0.490551
ability,ember_spirit_flame_guard,3515,1724,0.490469
ability,chaos_knight_reality_rift,4456,2184,0.490126
ability,skeleton_king_mortal_strike,4535,2221,0.489746
ability,kez_echo_slash,2022,990,0.489614
ability,invoker_emp_ad,952,466,0.489496
hero,phoenix,3827,1873,0.489417
ability,venomancer_venomous_gale,4120,2016,0.489320
ability,viper_nethertoxin,4254,2080,0.488952
hero,keeper_of_the_light,3821,1868,0.488877
ability,skywrath_mage_mystic_flare,3950,1931,0.488861
ability,huskar_burning_spear,4445,2171,0.488414
ability,axe_battle_hunger,4308,2104,0.488394
ability,pangolier_gyroshell,3451,1685,0.488264
ability,legion_commander_moment_of_courage,4612,2251,0.488075
hero,abaddon,3148,1536,0.487929
ability,drow_ranger_multishot,3634,1773,0.487892
ability,jakiro_macropyre,4212,2055,0.487892
hero,bounty_hunter,3371,1644,0.487689
ability,tusk_tag_team,1847,900,0.487277
ability,hoodwink_acorn_shot,4546,2215,0.487242
ability,puck_illusory_orb,3879,1890,0.487239
ability,alchemist_unstable_concoction,3916,1908,0.487232
ability,dark_seer_surge,3644,1774,0.486828
ability,clinkz_death_pact,3764,1832,0.486716
ability,puck_waning_rift,3440,1674,0.486628
ability,razor_eye_of_the_storm,4273,2078,0.486309
ability,medusa_mystic_snake,4529,2201,0.485979
ability,ember_spirit_fire_remnant,4273,2076,0.485841
ability,juggernaut_blade_dance,4576,2223,0.485795
ability,riki_blink_strike,4447,2160,0.485721
ability,snapfire_scatterblast,3927,1907,0.485612
ability,tiny_grow,4607,2237,0.485565
ability,death_prophet_exorcism,4829,2344,0.485401
ability,death_prophet_silence,2141,1039,0.485287
ability,keeper_of_the_light_spirit_form,3577,1735,0.485043
ability,zuus_arc_lightning,4512,2188,0.484929
ability,bristleback_quill_spray,4356,2111,0.484619
ability,abaddon_death_coil,1917,929,0.484611
ability,huskar_life_break,3614,1751,0.484505
ability,alchemist_corrosive_weaponry,4201,2035,0.484408
ability,grimstroke_dark_artistry,2788,1350,0.484218
ability,leshrac_diabolic_edict,4220,2043,0.484123
ability,medusa_stone_gaze,3818,1848,0.484023
ability,windrunner_shackleshot,4147,2004,0.483241
ability,muerta_gunslinger,4491,2170,0.483189
ability,invoker_deafening_blast_ad,921,445,0.483170
hero,ringmaster,2991,1445,0.483116
ability,warlock_fatal_bonds,4345,2099,0.483084
ability,batrider_flaming_lasso,2834,1369,0.483063
ability,rattletrap_hookshot,3532,1706,0.483012
hero,viper,4063,1962,0.482894
ability,marci_grapple,2919,1409,0.482700
ability,meepo_ransack,2444,1179,0.482406
ability,shadow_shaman_ether_shock,2927,1412,0.482405
hero,bristleback,2834,1367,0.482357
hero,nyx_assassin,4302,2075,0.482334
ability,lone_druid_savage_roar,1605,774,0.482243
hero,doom_bringer,3347,1614,0.482223
ability,kez_ravens_veil_ad,1711,825,0.482174
ability,pudge_flesh_heap,1541,743,0.482154
ability,marci_companion_run,3665,1767,0.482128
ability,doom_bringer_devour,4653,2243,0.482055
hero,crystal_maiden,3245,1564,0.481972
ability,witch_doctor_death_ward,4542,2189,0.481946
ability,abaddon_frostmourne,4666,2248,0.481783
ability,storm_spirit_overload,3702,1783,0.481632
ability,obsidian_destroyer_astral_imprisonment,4282,2062,0.481551
ability,brewmaster_cinder_brew,3192,1537,0.481516
ability,wisp_overcharge,4351,2095,0.481499
ability,necrolyte_death_pulse,4184,2013,0.481119
ability,kez_raptor_dance,1873,901,0.481046
ability,medusa_split_shot,4552,2189,0.480888
ability,largo_amphibian_rhapsody,1381,664,0.480811
ability,leshrac_lightning_storm,2261,1087,0.480761
ability,terrorblade_sunder,4434,2131,0.480604
ability,ogre_magi_ignite,3196,1536,0.480601
ability,slark_saltwater_shiv,4041,1941,0.480327
hero,lion,3832,1840,0.480167
ability,life_stealer_infest,4444,2133,0.479973
ability,chen_divine_favor,1294,621,0.479907
ability,bounty_hunter_track,4599,2207,0.479887
ability,magnataur_shockwave,4325,2075,0.479769
ability,bounty_hunter_jinada,4514,2165,0.479619
hero,kez,3355,1609,0.479583
ability,nyx_assassin_vendetta,4838,2320,0.479537
hero,muerta,4406,2112,0.479346
ability,pangolier_swashbuckle,4573,2192,0.479335
ability,hoodwink_sharpshooter,3715,1780,0.479139
ability,nevermore_shadowraze2,3144,1505,0.478690
hero,necrolyte,4332,2073,0.478532
ability,morphling_adaptive_strike_agi,2140,1024,0.478505
ability,luna_lucent_beam,4339,2076,0.478451
ability,alchemist_acid_spray,4143,1982,0.478397
ability,windrunner_powershot,4266,2040,0.478200
ability,lone_druid_spirit_link,2957,1413,0.477849
hero,disruptor,3399,1624,0.477788
ability,warlock_upheaval,2539,1213,0.477747
ability,sniper_assassinate,4708,2247,0.477273
ability,necrolyte_reapers_scythe,4768,2273,0.476720
ability,pugna_life_drain,4165,1985,0.476591
ability,elder_titan_earth_splitter,2607,1241,0.476026
hero,mirana,4425,2106,0.475932
ability,brewmaster_thunder_clap,2470,1175,0.475709
ability,pugna_nether_blast,4177,1986,0.475461
ability,ringmaster_tame_the_beasts,3374,1604,0.475400
ability,phoenix_fire_spirits,2525,1200,0.475248
hero,ember_spirit,3988,1895,0.475176
ability,phantom_assassin_coup_de_grace,4666,2217,0.475139
ability,beastmaster_summon_raptor,2229,1059,0.475101
hero,storm_spirit,4025,1912,0.475031
ability,venomancer_snakebite,2579,1225,0.474990
ability,naga_siren_song_of_the_siren,2359,1120,0.474777
hero,winter_wyvern,3341,1585,0.474409
ability,drow_ranger_wave_of_silence,3613,1714,0.474398
hero,oracle,3192,1514,0.474311
hero,beastmaster,3645,1728,0.474074
hero,ancient_apparition,4264,2021,0.473968
ability,rubick_arcane_supremacy,4484,2125,0.473907
ability,gyrocopter_call_down,2674,1267,0.473822
ability,medusa_gorgon_grasp,2533,1200,0.473747
hero,zuus,4030,1909,0.473697
ability,skywrath_mage_arcane_bolt,3680,1743,0.473641
ability,antimage_mana_break,4584,2171,0.473604
ability,kez_shodo_sai_ad,2125,1006,0.473412
hero,shredder,3064,1450,0.473238
ability,tinker_laser,3999,1891,0.472868
hero,enigma,2969,1403,0.472550
ability,nyx_assassin_jolt,4330,2046,0.472517
ability,ancient_apparition_chilling_touch,4497,2124,0.472315
ability,enchantress_enchant,2789,1317,0.472212
hero,dazzle,4261,2012,0.472190
hero,alchemist,4401,2078,0.472165
ability,elder_titan_echo_stomp,1354,639,0.471935
ability,silencer_last_word,3062,1444,0.471587
hero,pangolier,3600,1696,0.471111
hero,witch_doctor,3754,1768,0.470964
ability,puck_dream_coil,4697,2212,0.470939
ability,undying_soul_rip,1795,845,0.470752
ability,shredder_timber_chain,3096,1456,0.470284
ability,pugna_decrepify,3209,1509,0.470240
hero,spectre,3322,1561,0.469898
ability,drow_ranger_marksmanship,4657,2188,0.469830
ability,disruptor_kinetic_field,3117,1464,0.469682
ability,batrider_flamebreak,1220,573,0.469672
ability,primal_beast_onslaught,3141,1475,0.469596
ability,dazzle_poison_touch,4361,2047,0.469388
ability,kez_talon_toss_ad,2106,988,0.469136
ability,razor_static_link,4562,2140,0.469093
hero,life_stealer,3345,1569,0.469058
ability,ember_spirit_sleight_of_fist,4597,2156,0.469002
ability,kez_falcon_rush_ad,2182,1023,0.468836
hero,faceless_void,3658,1715,0.468835
ability,chen_penitence,3978,1865,0.468829
ability,sandking_epicenter,3663,1716,0.468468
ability,sniper_headshot,4549,2131,0.468455
ability,beastmaster_summon_razorback,835,391,0.468263
ability,lone_druid_entangle,4310,2018,0.468213
hero,tinker,3977,1862,0.468192
ability,tiny_tree_grab,4414,2066,0.468056
ability,jakiro_dual_breath,3863,1806,0.467512
ability,invoker_alacrity_ad,1376,643,0.467297
ability,huskar_inner_fire,3833,1791,0.467258
ability,storm_spirit_static_remnant,2190,1022,0.466667
ability,axe_culling_blade,3892,1816,0.466598
ability,tusk_walrus_punch,4690,2188,0.466525
ability,bristleback_warpath,2999,1399,0.466489
ability,wisp_relocate,1873,873,0.466097
ability,phantom_lancer_spirit_lance,3517,1638,0.465738
ability,tiny_toss,3632,1691,0.465584
ability,abyssal_underlord_dark_portal,1753,816,0.465488
hero,lone_druid,3501,1629,0.465296
ability,arc_warden_spark_wraith,2515,1170,0.465209
ability,dark_willow_cursed_crown,2414,1123,0.465203
ability,slark_pounce,4593,2135,0.464838
ability,batrider_sticky_napalm,4442,2064,0.464656
ability,queenofpain_scream_of_pain,3573,1658,0.464036
ability,juggernaut_omni_slash,4685,2174,0.464034
ability,invoker_ghost_walk_ad,1218,565,0.463875
ability,luna_eclipse,3501,1624,0.463867
hero,venomancer,4069,1887,0.463750
ability,riki_tricks_of_the_trade,3982,1846,0.463586
ability,obsidian_destroyer_sanity_eclipse,1976,916,0.463563
ability,faceless_void_time_lock,4654,2154,0.462828
ability,techies_suicide,4378,2026,0.462768
ability,clinkz_strafe,4599,2128,0.462709
hero,tidehunter,3777,1747,0.462536
ability,queenofpain_shadow_strike,4305,1987,0.461556
ability,treant_living_armor,1534,708,0.461538
hero,templar_assassin,2768,1276,0.460983
ability,techies_sticky_bomb,2373,1093,0.460598
ability,visage_grave_chill,3066,1412,0.460535
hero,jakiro,4408,2030,0.460526
ability,troll_warlord_fervor,4513,2078,0.460448
ability,troll_warlord_whirling_axes_ranged,2426,1117,0.460429
hero,phantom_assassin,3417,1572,0.460053
ability,templar_assassin_meld,4067,1871,0.460044
ability,phantom_assassin_stifling_dagger,4478,2060,0.460027
ability,ursa_earthshock,2582,1187,0.459721
ability,tinker_rearm,4390,2018,0.459681
ability,bloodseeker_bloodrage,4466,2052,0.459472
ability,spirit_breaker_greater_bash,4695,2154,0.458786
ability,weaver_geminate_attack,4508,2062,0.457409
ability,keeper_of_the_light_illuminate,2230,1020,0.457399
ability,phoenix_sun_ray,930,425,0.456989
ability,queenofpain_sonic_wave,4001,1828,0.456886
ability,lion_finger_of_death,4710,2151,0.456688
ability,invoker_sun_strike_ad,1372,626,0.456268
ability,invoker_tornado_ad,1068,487,0.455993
ability,snapfire_lil_shredder,4465,2034,0.455543
ability,ursa_overpower,4503,2049,0.455030
ability,meepo_earthbind,1488,677,0.454973
ability,kunkka_x_marks_the_spot,2132,970,0.454972
hero,tiny,2642,1202,0.454958
ability,rattletrap_rocket_flare,1968,895,0.454776
ability,broodmother_spawn_spiderlings,2353,1070,0.454739
hero,broodmother,1615,734,0.454489
ability,earthshaker_enchant_totem,4497,2042,0.454080
ability,invoker_chaos_meteor_ad,1091,495,0.453712
ability,enchantress_impetus,4497,2039,0.453413
hero,chen,3198,1450,0.453408
ability,lion_mana_drain,3610,1634,0.452632
ability,lina_dragon_slave,2962,1340,0.452397
ability,clinkz_searing_arrows,4556,2060,0.452151
ability,bristleback_viscous_nasal_goo,2344,1059,0.451792
ability,monkey_king_jingu_mastery,4582,2069,0.451550
ability,bounty_hunter_shuriken_toss,2895,1303,0.450086
ability,oracle_fates_edict,1830,823,0.449727
ability,phantom_lancer_phantom_edge,3964,1782,0.449546
ability,lina_laguna_blade,3947,1767,0.447682
hero,troll_warlord,3717,1660,0.446597
ability,winter_wyvern_splinter_blast,2038,910,0.446516
ability,bane_nightmare,4505,2011,0.446393
ability,oracle_purifying_flames,2162,965,0.446346
hero,huskar,4140,1847,0.446135
hero,riki,2720,1212,0.445588
hero,sand_king,3290,1465,0.445289
ability,meepo_poof,731,325,0.444596
ability,spectre_shadow_step,2675,1186,0.443364
ability,sandking_scorpion_strike,2951,1306,0.442562
hero,slark,4363,1922,0.440523
ability,life_stealer_open_wounds,2557,1126,0.440360
ability,shadow_demon_shadow_poison,1539,677,0.439896
ability,earth_spirit_geomagnetic_grip,339,149,0.439528
ability,tinker_deploy_turrets,949,417,0.439410
ability,visage_summon_familiars,890,391,0.439326
hero,meepo,1152,506,0.439236
ability,enigma_demonic_conversion,1196,525,0.438963
ability,windrunner_focusfire,4580,2007,0.438210
ability,spirit_breaker_nether_strike,2222,972,0.437444
ability,antimage_mana_void,2306,1007,0.436687
ability,lycan_summon_wolves,1359,593,0.436350
ability,furion_force_of_nature,967,421,0.435367
hero,weaver,2579,1120,0.434277
ability,earth_spirit_boulder_smash,1325,575,0.433962
hero,ursa,1819,789,0.433755
hero,puck,3368,1459,0.433195
hero,clinkz,3652,1582,0.433187
ability,monkey_king_tree_dance,2196,951,0.433060
ability,chen_holy_persuasion,610,263,0.431148
ability,tinker_march_of_the_machines,1623,688,0.423906
hero,antimage,2197,931,0.423760
ability,templar_assassin_psionic_trap,1691,713,0.421644
ability,dazzle_nothl_projection,1348,564,0.418398
hero,invoker,3808,1590,0.417542
